Index,English Discription,Chinese Description,Region,Spicy,Sour,Vegetarian,Beef,Chicken,Pork,Fish,Halal,Rice,Noodle,Bun,Soup,Salad
1,[Halal] Crispy Breaded Fish,???????,Western,0,0,FALSE,FALSE,FALSE,FALSE,TRUE,TRUE,FALSE,FALSE,FALSE,FALSE,FALSE
2,[Halal] Hot Plate Chicken Set,??????????,Japanese,0,0,FALSE,FALSE,TRUE,FALSE,FALSE,TRUE,FALSE,FALSE,FALSE,FALSE,FALSE
3,[Halal] Scallop & Chicken Bento,??????????,Japanese,0,0,FALSE,FALSE,TRUE,FALSE,FALSE,TRUE,FALSE,FALSE,FALSE,FALSE,FALSE
4,[Vegetarian] Tofu with Mushroom Bento,???????????\n(More rice option available on dashboard,Local Items,0,0,TRUE,FALSE,FALSE,FALSE,FALSE,FALSE,FALSE,FALSE,FALSE,FALSE,FALSE
5,"1 Bun (Double Cooked Sliced Pork, Kung Pao Chicken,  Fried Chinese cabbage)",???\n????\n????,Chinese,0,0,FALSE,FALSE,TRUE,TRUE,FALSE,FALSE,FALSE,FALSE,TRUE,FALSE,FALSE
6,"1 Bun (Sliced Fungus with Meat, Fish Flavored Shredded Pork, Green pepper with Beancurd skin)",????\n????\n????,Chinese,0,0,FALSE,FALSE,FALSE,TRUE,FALSE,FALSE,FALSE,FALSE,FALSE,FALSE,FALSE
7,"2 Buns (Cumin Beef, Fried Cucumber with eggs, Sweet & Sour Cabbage)",????\n????\n????,Chinese,0,0,FALSE,TRUE,FALSE,FALSE,FALSE,FALSE,FALSE,FALSE,TRUE,FALSE,FALSE
8,"2 Buns (Cumin Beef, Kung Pao Chicken, Fried Chinese cabbage)",????\n????\n????,Chinese,0,0,FALSE,TRUE,TRUE,FALSE,FALSE,FALSE,FALSE,FALSE,TRUE,FALSE,FALSE
9,"2 Buns (Vermicelli with minced pork, Double Cooked Sliced Pork, Sweet & Sour Cabbage)",????\n???\n????,Chinese,0,0,FALSE,FALSE,FALSE,TRUE,FALSE,FALSE,FALSE,FALSE,TRUE,FALSE,FALSE
10,Braised Beef Noodle,?????,Chinese,0,0,FALSE,TRUE,FALSE,FALSE,FALSE,FALSE,FALSE,TRUE,FALSE,FALSE,FALSE
11,Braised Chicken with Chef Special Sauce Bento,?????\n(More rice option available on dashboard,Chinese,0,0,FALSE,FALSE,TRUE,FALSE,FALSE,FALSE,FALSE,FALSE,FALSE,FALSE,FALSE
12,Braised Pork Rib Noodle,?????,Chinese,0,0,FALSE,FALSE,FALSE,TRUE,FALSE,FALSE,FALSE,TRUE,FALSE,FALSE,FALSE
13,Chicken Curry Rice,?????,Japanese,0,0,FALSE,FALSE,TRUE,FALSE,FALSE,FALSE,TRUE,FALSE,FALSE,FALSE,FALSE
14,Chicken Mushroom Pasta,??????,Western,0,0,FALSE,FALSE,TRUE,FALSE,FALSE,FALSE,FALSE,FALSE,FALSE,FALSE,FALSE
15,Deep Fried Dumplings (6pcs),??(6?,Chinese,0,0,FALSE,FALSE,FALSE,FALSE,FALSE,FALSE,FALSE,FALSE,FALSE,FALSE,FALSE
16,Fine Handmade Shandong Pancake,????,Chinese,0,0,FALSE,FALSE,FALSE,FALSE,FALSE,FALSE,FALSE,FALSE,FALSE,FALSE,FALSE
17,Fish Fragrance Shredded Pork,?????,Chinese,0,0,FALSE,FALSE,FALSE,TRUE,FALSE,FALSE,FALSE,FALSE,FALSE,FALSE,FALSE
18,Fried Carrot Cake,???,Local Items,0,0,FALSE,FALSE,FALSE,FALSE,FALSE,FALSE,FALSE,FALSE,FALSE,FALSE,FALSE
19,Fried Hokkien Prawn Mee,?????,Local Items,0,0,FALSE,FALSE,FALSE,FALSE,FALSE,FALSE,FALSE,FALSE,FALSE,FALSE,FALSE
20,Fried Kway Teow,???,Local Items,0,0,FALSE,FALSE,FALSE,FALSE,FALSE,FALSE,FALSE,FALSE,FALSE,FALSE,FALSE
21,Fried Pork Slices w Salted Pepper w Rice,???????,Chinese,0,0,FALSE,FALSE,FALSE,TRUE,FALSE,FALSE,TRUE,FALSE,FALSE,FALSE,FALSE
22,Fried Rice w Sliced Pork,????,Chinese,0,0,FALSE,FALSE,FALSE,TRUE,FALSE,FALSE,TRUE,FALSE,FALSE,FALSE,FALSE
23,Fried Rice with Tomato and Egg,??????,Chinese,0,0,FALSE,FALSE,TRUE,FALSE,FALSE,FALSE,TRUE,FALSE,FALSE,FALSE,FALSE
24,Ginger & Scallions Beef w Rice,?????,Chinese,0,0,FALSE,TRUE,FALSE,FALSE,FALSE,FALSE,TRUE,FALSE,FALSE,FALSE,FALSE
25,Gongbao Chicken,?????,Chinese,0,0,FALSE,FALSE,TRUE,FALSE,FALSE,FALSE,FALSE,FALSE,FALSE,FALSE,FALSE
26,Grilled Chicken w Black Pepper Sauce w Mashed Potato,?????????,Western,0,0,FALSE,FALSE,TRUE,FALSE,FALSE,FALSE,FALSE,FALSE,FALSE,FALSE,FALSE
27,Hot Plate Beef,????,Japanese,0,0,FALSE,TRUE,FALSE,FALSE,FALSE,FALSE,FALSE,FALSE,FALSE,FALSE,FALSE
28,Nutritious Millet Porridge,???,Chinese,0,0,FALSE,FALSE,FALSE,FALSE,FALSE,FALSE,FALSE,FALSE,FALSE,FALSE,FALSE
29,"Rice (Fish Flavored Shredded Pork,  Cumin Beef,  Green pepper with Beancurd skin",????\n????\n????,Chinese,0,0,FALSE,TRUE,FALSE,TRUE,FALSE,FALSE,FALSE,FALSE,FALSE,FALSE,FALSE
30,"Rice (Sliced Fungus with Meat, Double Cooked Sliced Pork, Mixed shreds",????\n???\n????,Chinese,0,0,FALSE,FALSE,FALSE,TRUE,FALSE,FALSE,TRUE,FALSE,FALSE,FALSE,FALSE
31,"Rice (Vermicelli with minced pork, Fried Cucumber with eggs, Mixed shreds",????\n????\n????,Chinese,0,0,FALSE,FALSE,FALSE,TRUE,FALSE,FALSE,TRUE,FALSE,FALSE,FALSE,FALSE
32,Sauteed Sliced Pork with Pepper and Chili,?????,Chinese,0,0,FALSE,FALSE,FALSE,TRUE,FALSE,FALSE,FALSE,FALSE,FALSE,FALSE,FALSE
33,Seafood Fried Noodles,????,Chinese,0,0,FALSE,FALSE,FALSE,FALSE,FALSE,FALSE,FALSE,TRUE,FALSE,FALSE,FALSE
34,"Set 1 w 1 Bun (Double Cooked Sliced Pork,  Braised Beef w Potato,  Dry Tofu with Celery)",???\n?????\n????,Chinese,0,0,FALSE,TRUE,FALSE,TRUE,FALSE,FALSE,FALSE,FALSE,TRUE,FALSE,FALSE
35,"Set 1 w 2 Buns (Double Cooked Sliced Pork,  Braised Beef w Potato,  Dry Tofu with Celery)",???\n?????\n????,Chinese,0,0,FALSE,TRUE,FALSE,TRUE,FALSE,FALSE,FALSE,FALSE,TRUE,FALSE,FALSE
36,"Set 1 w Rice (Double Cooked Sliced Pork,  Braised Beef w Potato,  Dry Tofu with Celery)",???\n?????\n????,Chinese,0,0,FALSE,TRUE,FALSE,TRUE,FALSE,FALSE,TRUE,FALSE,FALSE,FALSE,FALSE
37,"Set 10 w 1 Bun (Fish Flavored Shredded Pork,  Sour&Spicy Potato Slices, Brocolli)",????\n?????\n????,Chinese,3,1,FALSE,FALSE,FALSE,TRUE,FALSE,FALSE,FALSE,FALSE,FALSE,FALSE,FALSE
38,"Set 10 w 2 Buns (Fish Flavored Shredded Pork,  Sour&Spicy Potato Slices, Brocolli)",????\n?????\n????,Chinese,2,3,FALSE,FALSE,FALSE,TRUE,FALSE,FALSE,FALSE,FALSE,FALSE,FALSE,FALSE
39,"Set 10 w Rice (Fish Flavored Shredded Pork,  Sour&Spicy Potato Slices, Brocolli)",????\n?????\n????,Chinese,1,2,FALSE,FALSE,FALSE,TRUE,FALSE,FALSE,FALSE,FALSE,FALSE,FALSE,FALSE
40,"Set 11 w 1 Bun (Braised Fish Fillets, Sliced Fungus with Meat, Brocolli)",????\n????\n????,Chinese,0,0,FALSE,FALSE,FALSE,FALSE,TRUE,FALSE,FALSE,FALSE,TRUE,FALSE,FALSE
41,"Set 11 w 2 Buns (Braised Fish Fillets, Sliced Fungus with Meat, Brocolli)",????\n????\n????,Chinese,0,0,FALSE,FALSE,FALSE,FALSE,TRUE,FALSE,FALSE,FALSE,TRUE,FALSE,FALSE
42,"Set 11 w Rice (Braised Fish Fillets, Sliced Fungus with Meat, Brocolli)",????\n????\n????,Chinese,0,0,FALSE,FALSE,FALSE,FALSE,TRUE,FALSE,TRUE,FALSE,FALSE,FALSE,FALSE
43,"Set 12 w 1 Bun (Fish Flavored Shredded Pork,  Double Cooked Sliced Pork, Shredded Kelp with Soy Sauce)",????\n???\n?????,Chinese,0,0,FALSE,FALSE,FALSE,TRUE,FALSE,FALSE,FALSE,FALSE,FALSE,FALSE,FALSE
44,"Set 12 w 2 Buns (Fish Flavored Shredded Pork,  Double Cooked Sliced Pork, Shredded Kelp with Soy Sauce)",????\n???\n?????,Chinese,0,0,FALSE,FALSE,FALSE,TRUE,FALSE,FALSE,FALSE,FALSE,FALSE,FALSE,FALSE
45,"Set 12 w Rice (Fish Flavored Shredded Pork,  Double Cooked Sliced Pork, Shredded Kelp with Soy Sauce)",????\n???\n?????,Chinese,0,0,FALSE,FALSE,FALSE,TRUE,FALSE,FALSE,FALSE,FALSE,FALSE,FALSE,FALSE
46,"Set 13 w 1 Bun (Vermicelli with minced pork, Fish Flavored Shredded Pork,  Sweet & Sour Cabbage)",????\n????\n????,Chinese,0,0,FALSE,FALSE,FALSE,TRUE,FALSE,FALSE,FALSE,FALSE,FALSE,FALSE,FALSE
47,"Set 13 w 2 Buns (Vermicelli with minced pork, Fish Flavored Shredded Pork,  Sweet & Sour Cabbage)",????\n????\n????,Chinese,0,0,FALSE,FALSE,FALSE,TRUE,FALSE,FALSE,FALSE,FALSE,FALSE,FALSE,FALSE
48,"Set 13 w Rice (Vermicelli with minced pork, Fish Flavored Shredded Pork,  Sweet & Sour Cabbage)",????\n????\n????,Chinese,0,0,FALSE,FALSE,FALSE,TRUE,FALSE,FALSE,FALSE,FALSE,FALSE,FALSE,FALSE
49,"Set 14 w 1 Bun (Vermicelli with minced pork, Double Cooked Sliced Pork, Fried Amaranth)",????\n???\n???,Chinese,0,0,FALSE,FALSE,FALSE,TRUE,FALSE,FALSE,FALSE,FALSE,TRUE,FALSE,FALSE
50,"Set 14 w 2 Buns (Vermicelli with minced pork, Double Cooked Sliced Pork, Fried Amaranth)",????\n???\n???,Chinese,0,0,FALSE,FALSE,FALSE,TRUE,FALSE,FALSE,FALSE,FALSE,TRUE,FALSE,FALSE
51,"Set 14 w Rice (Vermicelli with minced pork, Double Cooked Sliced Pork, Fried Amaranth)",????\n???\n???,Chinese,0,0,FALSE,FALSE,FALSE,TRUE,FALSE,FALSE,TRUE,FALSE,FALSE,FALSE,FALSE
52,"Set 15 w 1 Bun (Braised Beef w Potato, Braised Fish Fillets, Shredded Kelp with Soy Sauce)",?????\n????\n?????,Chinese,0,0,FALSE,TRUE,FALSE,FALSE,TRUE,FALSE,FALSE,FALSE,TRUE,FALSE,FALSE
53,"Set 15 w 2 Buns (Braised Beef w Potato, Braised Fish Fillets, Shredded Kelp with Soy Sauce)",?????\n????\n?????,Chinese,0,0,FALSE,TRUE,FALSE,FALSE,TRUE,FALSE,FALSE,FALSE,TRUE,FALSE,FALSE
54,"Set 15 w Rice (Braised Beef w Potato, Braised Fish Fillets, Shredded Kelp with Soy Sauce)",?????\n????\n?????,Chinese,0,0,FALSE,TRUE,FALSE,FALSE,TRUE,FALSE,TRUE,FALSE,FALSE,FALSE,FALSE
55,"Set 16 w 1 Bun (Chicken Leg, Sour&Spicy Potato Slices, Fried Amaranth)",???\n?????\n???,Chinese,2,3,FALSE,FALSE,TRUE,FALSE,FALSE,FALSE,FALSE,FALSE,TRUE,FALSE,FALSE
56,"Set 16 w 2 Buns (Chicken Leg, Sour&Spicy Potato Slices, Fried Amaranth",???\n?????\n???,Chinese,3,1,FALSE,FALSE,TRUE,FALSE,FALSE,FALSE,FALSE,FALSE,TRUE,FALSE,FALSE
57,"Set 16 w Rice (Chicken Leg, Sour&Spicy Potato Slices, Fried Amaranth",???\n?????\n???,Chinese,1,2,FALSE,FALSE,TRUE,FALSE,FALSE,FALSE,TRUE,FALSE,FALSE,FALSE,FALSE
58,"Set 17 w 1 Bun (Fish Flavored Shredded Pork,  Cumin Beef,  Green pepper with Beancurd skin",????\n????\n????,Chinese,0,0,FALSE,TRUE,FALSE,TRUE,FALSE,FALSE,FALSE,FALSE,FALSE,FALSE,FALSE
59,"Set 17 w 2 Buns (Fish Flavored Shredded Pork,  Cumin Beef,  Green pepper with Beancurd skin",????\n????\n????,Chinese,0,0,FALSE,TRUE,FALSE,TRUE,FALSE,FALSE,FALSE,FALSE,FALSE,FALSE,FALSE
60,"Set 18 w 2 Buns (Double Cooked Sliced Pork, Kung Pao Chicken,  Fried Chinese cabbage",???\n????\n????,Chinese,0,0,FALSE,FALSE,TRUE,TRUE,FALSE,FALSE,FALSE,FALSE,TRUE,FALSE,FALSE
61,"Set 18 w Rice (Double Cooked Sliced Pork, Kung Pao Chicken,  Fried Chinese cabbage",???\n????\n????,Chinese,0,0,FALSE,FALSE,TRUE,TRUE,FALSE,FALSE,TRUE,FALSE,FALSE,FALSE,FALSE
62,"Set 19 w 1 Bun (Cumin Beef, Fried Cucumber with eggs, Sweet & Sour Cabbage",????\n????\n????,Chinese,0,0,FALSE,TRUE,FALSE,FALSE,FALSE,FALSE,FALSE,FALSE,TRUE,FALSE,FALSE
63,"Set 19 w Rice (Cumin Beef, Fried Cucumber with eggs, Sweet & Sour Cabbage",????\n????\n????,Chinese,0,0,FALSE,TRUE,FALSE,FALSE,FALSE,FALSE,TRUE,FALSE,FALSE,FALSE,FALSE
64,"Set 2 w 1 Bun (Fish Flavored Shredded Pork,  Home-Style Bean Curd,  Lotus Root",????\n????\n????,Chinese,0,0,FALSE,FALSE,FALSE,TRUE,FALSE,FALSE,FALSE,FALSE,FALSE,FALSE,FALSE
65,"Set 2 w 2 Buns (Fish Flavored Shredded Pork,  Home-Style Bean Curd,  Lotus Root",????\n????\n????,Chinese,0,0,FALSE,FALSE,FALSE,TRUE,FALSE,FALSE,FALSE,FALSE,FALSE,FALSE,FALSE
66,"Set 2 w Rice (Fish Flavored Shredded Pork,  Home-Style Bean Curd,  Lotus Root",????\n????\n????,Chinese,0,0,FALSE,FALSE,FALSE,TRUE,FALSE,FALSE,FALSE,FALSE,FALSE,FALSE,FALSE
67,"Set 20 w 1 Bun (Sliced Fungus with Meat, Double Cooked Sliced Pork, Mixed shreds",????\n???\n????,Chinese,0,0,FALSE,FALSE,FALSE,TRUE,FALSE,FALSE,FALSE,FALSE,TRUE,FALSE,FALSE
68,"Set 20 w 2 Buns (Sliced Fungus with Meat, Double Cooked Sliced Pork, Mixed shreds",????\n???\n????,Chinese,0,0,FALSE,FALSE,FALSE,TRUE,FALSE,FALSE,FALSE,FALSE,TRUE,FALSE,FALSE
69,"Set 21 w 2 Buns (Sliced Fungus with Meat, Fish Flavored Shredded Pork, Green pepper with Beancurd skin",????\n????\n????,Chinese,0,0,FALSE,FALSE,FALSE,TRUE,FALSE,FALSE,FALSE,FALSE,FALSE,FALSE,FALSE
70,"Set 21 w Rice (Sliced Fungus with Meat, Fish Flavored Shredded Pork, Green pepper with Beancurd skin",????\n????\n????,Chinese,0,0,FALSE,FALSE,FALSE,TRUE,FALSE,FALSE,FALSE,FALSE,FALSE,FALSE,FALSE
71,"Set 22 w 1 Bun (Vermicelli with minced pork, Double Cooked Sliced Pork, Sweet & Sour Cabbage",????\n???\n????,Chinese,0,0,FALSE,FALSE,FALSE,TRUE,FALSE,FALSE,FALSE,FALSE,TRUE,FALSE,FALSE
72,"Set 22 w Rice (Vermicelli with minced pork, Double Cooked Sliced Pork, Sweet & Sour Cabbage",????\n???\n????,Chinese,0,0,FALSE,FALSE,FALSE,TRUE,FALSE,FALSE,TRUE,FALSE,FALSE,FALSE,FALSE
73,"Set 23 w 1 Bun (Vermicelli with minced pork, Fried Cucumber with eggs, Mixed shreds",????\n????\n????,Chinese,0,0,FALSE,FALSE,FALSE,TRUE,FALSE,FALSE,FALSE,FALSE,TRUE,FALSE,FALSE
74,"Set 23 w 2 Buns (Vermicelli with minced pork, Fried Cucumber with eggs, Mixed shreds",????\n????\n????,Chinese,0,0,FALSE,FALSE,FALSE,TRUE,FALSE,FALSE,FALSE,FALSE,TRUE,FALSE,FALSE
75,"Set 24 w 1 Bun (Cumin Beef, Kung Pao Chicken, Fried Chinese cabbage",????\n????\n????,Chinese,0,0,FALSE,TRUE,TRUE,FALSE,FALSE,FALSE,FALSE,FALSE,TRUE,FALSE,FALSE
76,"Set 24 w Rice (Cumin Beef, Kung Pao Chicken, Fried Chinese cabbage",????\n????\n????,Chinese,0,0,FALSE,TRUE,TRUE,FALSE,FALSE,FALSE,TRUE,FALSE,FALSE,FALSE,FALSE
77,"Set 3 w 1 Bun (Sauteed Sour Beans with Minced Pork, Fried Cucumber with Eggs, Dry Tofu with Celery",?????\n????\n????,Chinese,0,2,FALSE,FALSE,FALSE,TRUE,FALSE,FALSE,FALSE,FALSE,TRUE,FALSE,FALSE
78,"Set 3 w 2 Buns (Sauteed Sour Beans with Minced Pork, Fried Cucumber with Eggs, Dry Tofu with Celery",?????\n????\n????,Chinese,0,1,FALSE,FALSE,FALSE,TRUE,FALSE,FALSE,FALSE,FALSE,TRUE,FALSE,FALSE
79,"Set 3 w Rice (Sauteed Sour Beans with Minced Pork, Fried Cucumber with Eggs, Dry Tofu with Celery",?????\n????\n????,Chinese,0,2,FALSE,FALSE,FALSE,TRUE,FALSE,FALSE,TRUE,FALSE,FALSE,FALSE,FALSE
80,"Set 4 w 1 Bun (Braised Fish Fillets, Double Cooked Sliced Pork, Sour & Spicy Potato Slices",????\n???\n?????,Chinese,1,2,FALSE,FALSE,FALSE,TRUE,TRUE,FALSE,FALSE,FALSE,TRUE,FALSE,FALSE
81,"Set 4 w 2 Buns (Braised Fish Fillets, Double Cooked Sliced Pork, Sour & Spicy Potato Slices",????\n???\n?????,Chinese,2,2,FALSE,FALSE,FALSE,TRUE,TRUE,FALSE,FALSE,FALSE,TRUE,FALSE,FALSE
82,"Set 4 w Rice (Braised Fish Fillets, Double Cooked Sliced Pork, Sour & Spicy Potato Slices",????\n???\n?????,Chinese,3,1,FALSE,FALSE,FALSE,TRUE,TRUE,FALSE,TRUE,FALSE,FALSE,FALSE,FALSE
83,"Set 5 w 1 Bun (Sweet & Sour Pork, Fish Flavored Shredded Pork,  Lotus Root",????\n???\n????,Chinese,0,0,FALSE,FALSE,FALSE,TRUE,FALSE,FALSE,FALSE,FALSE,FALSE,FALSE,FALSE
84,"Set 5 w 2 Buns (Sweet & Sour Pork, Fish Flavored Shredded Pork,  Lotus Root",????\n???\n????,Chinese,0,0,FALSE,FALSE,FALSE,TRUE,FALSE,FALSE,FALSE,FALSE,FALSE,FALSE,FALSE
85,"Set 5 w Rice (Sweet & Sour Pork, Fish Flavored Shredded Pork,  Lotus Root",????\n???\n????,Chinese,0,0,FALSE,FALSE,FALSE,TRUE,FALSE,FALSE,FALSE,FALSE,FALSE,FALSE,FALSE
86,"Set 6 w 1 Bun (Sweet & Sour Pork, Home-Style Bean Curd, Sour & Spicy Potato Slices",???\n????\n?????,Chinese,1,1,FALSE,FALSE,FALSE,TRUE,FALSE,FALSE,FALSE,FALSE,TRUE,FALSE,FALSE
87,"Set 6 w 2 Buns (Sweet & Sour Pork, Home-Style Bean Curd, Sour & Spicy Potato Slices",???\n????\n?????,Chinese,1,1,FALSE,FALSE,FALSE,TRUE,FALSE,FALSE,FALSE,FALSE,TRUE,FALSE,FALSE
88,"Set 6 w Rice (Sweet & Sour Pork, Home-Style Bean Curd, Sour & Spicy Potato Slices",???\n????\n?????,Chinese,3,1,FALSE,FALSE,FALSE,TRUE,FALSE,FALSE,TRUE,FALSE,FALSE,FALSE,FALSE
89,"Set 7 w 1 Bun (Braised Fish Fillets, Fried Cucumber with Eggs, Fried Black Fungus with Cabbage",????\n????\n?????,Chinese,0,0,FALSE,FALSE,FALSE,FALSE,TRUE,FALSE,FALSE,FALSE,TRUE,FALSE,FALSE
90,"Set 7 w 2 Buns (Braised Fish Fillets, Fried Cucumber with Eggs, Fried Black Fungus with Cabbage",????\n????\n?????,Chinese,0,0,FALSE,FALSE,FALSE,FALSE,TRUE,FALSE,FALSE,FALSE,TRUE,FALSE,FALSE
91,"Set 7 w Rice (Braised Fish Fillets, Fried Cucumber with Eggs, Fried Black Fungus with Cabbage",????\n????\n?????,Chinese,0,0,FALSE,FALSE,FALSE,FALSE,TRUE,FALSE,TRUE,FALSE,FALSE,FALSE,FALSE
92,"Set 8 w 1 Bun (Braised Beef w Potato, Sauteed Sour Beans with Minced Pork, Fried Black Fungus with Cabbage",?????\n?????\n?????,Chinese,0,3,FALSE,TRUE,FALSE,TRUE,FALSE,FALSE,FALSE,FALSE,TRUE,FALSE,FALSE
93,"Set 8 w 2 Buns (Braised Beef w Potato, Sauteed Sour Beans with Minced Pork, Fried Black Fungus with Cabbage",?????\n?????\n?????,Chinese,0,2,FALSE,TRUE,FALSE,TRUE,FALSE,FALSE,FALSE,FALSE,TRUE,FALSE,FALSE
94,"Set 8 w Rice (Braised Beef w Potato, Sauteed Sour Beans with Minced Pork, Fried Black Fungus with Cabbage",?????\n?????\n?????,Chinese,0,2,FALSE,TRUE,FALSE,TRUE,FALSE,FALSE,TRUE,FALSE,FALSE,FALSE,FALSE
95,"Set 9 w 1 Bun (Kung Pao Chicken, Braised Beef w Potato, Sweet&Sour Cabbage",????\n?????\n????,Chinese,0,0,FALSE,TRUE,TRUE,FALSE,FALSE,FALSE,FALSE,FALSE,TRUE,FALSE,FALSE
96,"Set 9 w 2 Buns (Kung Pao Chicken, Braised Beef w Potato, Sweet&Sour Cabbage",????\n?????\n????,Chinese,0,0,FALSE,TRUE,TRUE,FALSE,FALSE,FALSE,FALSE,FALSE,TRUE,FALSE,FALSE
97,"Set 9 w Rice (Kung Pao Chicken, Braised Beef w Potato, Sweet&Sour Cabbage",????\n?????\n????,Chinese,0,0,FALSE,TRUE,TRUE,FALSE,FALSE,FALSE,TRUE,FALSE,FALSE,FALSE,FALSE
98,"Set A1 w bun (Kung Pao Chicken, Braised Beef w Potato, Fried Cabbage",???? ???? ????,Chinese,0,0,FALSE,TRUE,TRUE,FALSE,FALSE,FALSE,FALSE,FALSE,TRUE,FALSE,FALSE
99,"Set A1 w rice (Kung Pao Chicken, Braised Beef w Potato, Fried Cabbage",???? ???? ????,Chinese,0,0,FALSE,TRUE,TRUE,FALSE,FALSE,FALSE,TRUE,FALSE,FALSE,FALSE,FALSE
100,"Set A2 w 2 buns (Braised Fish Fillets, Lotus Roots with Sliced Pork, Broccoli",???? ????? ????,Chinese,0,0,FALSE,FALSE,FALSE,TRUE,TRUE,FALSE,FALSE,FALSE,TRUE,FALSE,FALSE
101,"Set A2 w rice (Braised Fish Fillets, Lotus Roots with Sliced Pork, Broccoli",???? ????? ????,Chinese,0,0,FALSE,FALSE,FALSE,TRUE,TRUE,FALSE,TRUE,FALSE,FALSE,FALSE,FALSE
102,"Set A3 w bun (Vermicelli with Minced Pork, Braised Pork Belly, Fried Amaranth",???? ??? ??,Chinese,0,0,FALSE,FALSE,FALSE,TRUE,FALSE,FALSE,FALSE,FALSE,TRUE,FALSE,FALSE
103,"Set A3 w rice (Vermicelli with Minced Pork, Braised Pork Belly, Fried Amaranth",???? ??? ??,Chinese,0,0,FALSE,FALSE,FALSE,TRUE,FALSE,FALSE,TRUE,FALSE,FALSE,FALSE,FALSE
104,"Set A4 w bun (Chicken Leg, Sour & Spicy Potato Slices, Fried Amaranth",??? ????? ??,Chinese,2,2,FALSE,FALSE,TRUE,FALSE,FALSE,FALSE,FALSE,FALSE,TRUE,FALSE,FALSE
105,"Set A4 w rice (Chicken Leg, Sour & Spicy Potato Slices, Fried Amaranth",??? ????? ??,Chinese,1,1,FALSE,FALSE,TRUE,FALSE,FALSE,FALSE,TRUE,FALSE,FALSE,FALSE,FALSE
106,"Set A5 w 1 bun (Spicy Pork Ribs, Sliced Fungus with Meat, Fish Flavoured Eggplant",???? ???? ????,Chinese,3,0,FALSE,FALSE,FALSE,TRUE,FALSE,FALSE,FALSE,FALSE,FALSE,FALSE,FALSE
107,"Set A5 w rice (Spicy Pork Ribs, Sliced Fungus with Meat, Fish Flavoured Eggplant",???? ???? ????,Chinese,2,0,FALSE,FALSE,FALSE,TRUE,FALSE,FALSE,FALSE,FALSE,FALSE,FALSE,FALSE
108,Set A6 Spicy Pork Ribs Noodle (Soup,??? (?,Chinese,0,0,FALSE,FALSE,FALSE,TRUE,FALSE,FALSE,FALSE,TRUE,FALSE,TRUE,FALSE
109,Set A7 [Vegetarian] Tomato Egg Noodle (Soup,[?] ????? (?,Chinese,0,0,TRUE,FALSE,TRUE,FALSE,FALSE,FALSE,FALSE,TRUE,FALSE,TRUE,FALSE
110,Set A8 Double Cooked Sliced Pork Fried Rice,?????,Chinese,0,0,FALSE,FALSE,FALSE,TRUE,FALSE,FALSE,TRUE,FALSE,FALSE,FALSE,FALSE
111,Set B1 [Halal] Beef & Ebi Bento,??????????,Japanese,0,0,FALSE,TRUE,FALSE,FALSE,FALSE,TRUE,FALSE,FALSE,FALSE,FALSE,FALSE
112,Set B1 [Halal] Braised Chicken w/ Noodle,??????????,Local Items,0,0,FALSE,FALSE,TRUE,FALSE,FALSE,TRUE,FALSE,TRUE,FALSE,FALSE,FALSE
113,Set B1 [Halal] Omurice w/ Fish Fillet,[??] ??????,Japanese,0,0,FALSE,FALSE,FALSE,FALSE,TRUE,TRUE,TRUE,FALSE,FALSE,FALSE,FALSE
114,Set B1 [Halal] Saba Shioyaki Set,??????????,Japanese,0,0,FALSE,FALSE,FALSE,FALSE,TRUE,TRUE,FALSE,FALSE,FALSE,FALSE,FALSE
115,Set B1 [Halal] Shrimp & Saba Bento,??????????,Japanese,0,0,FALSE,FALSE,FALSE,FALSE,TRUE,TRUE,FALSE,FALSE,FALSE,FALSE,FALSE
116,Set B1 Bean Paste Chicken Wings,???????,Thai,0,0,FALSE,FALSE,TRUE,FALSE,FALSE,FALSE,FALSE,FALSE,FALSE,FALSE,FALSE
117,Set B1 Clear Tomyam Seafood Soup w/ Rice,???????,Thai,0,0,FALSE,FALSE,FALSE,FALSE,FALSE,FALSE,TRUE,FALSE,FALSE,TRUE,FALSE
118,"Set B1 w bun (Double Cooked Sliced Pork, Braised Beef w Potato, Dry Tofu with Celery",??? ???? ????,Chinese,0,0,FALSE,TRUE,FALSE,FALSE,TRUE,FALSE,FALSE,FALSE,TRUE,FALSE,FALSE
119,"Set B1 w rice (Double Cooked Sliced Pork, Braised Beef w Potato, Dry Tofu with Celery",??? ???? ????,Chinese,0,0,FALSE,TRUE,FALSE,FALSE,TRUE,FALSE,TRUE,FALSE,FALSE,FALSE,FALSE
120,Set B2 [Halal] Beef & Chicken Bento,??????????,Japanese,0,0,FALSE,TRUE,TRUE,FALSE,FALSE,TRUE,FALSE,FALSE,FALSE,FALSE,FALSE
121,Set B2 [Halal] Fuqi Feipian (Beef,[??] ???????,Chinese,0,0,FALSE,FALSE,FALSE,FALSE,FALSE,TRUE,FALSE,FALSE,FALSE,FALSE,FALSE
122,Set B2 [Halal] Omurice w/ Ebi,??????????,Japanese,0,0,FALSE,FALSE,FALSE,FALSE,FALSE,TRUE,TRUE,FALSE,FALSE,FALSE,FALSE
123,Set B2 [Halal] Oyster Sauce Chicken w/ Noodle,??????????,Local Items,0,0,FALSE,FALSE,TRUE,FALSE,FALSE,TRUE,FALSE,TRUE,FALSE,FALSE,FALSE
124,Set B2 [Halal] Saba & Chicken Bento,??????????,Japanese,0,0,FALSE,FALSE,TRUE,FALSE,FALSE,TRUE,FALSE,FALSE,FALSE,FALSE,FALSE
125,Set B2 [Halal] Spicy Sweet Potato Noodle w/ Beef,?????????,Chinese,1,3,FALSE,TRUE,FALSE,FALSE,FALSE,TRUE,FALSE,TRUE,FALSE,FALSE,FALSE
126,Set B2 Thai Sweet & Sour Fish Rice,???????,Thai,0,3,FALSE,FALSE,FALSE,FALSE,FALSE,FALSE,TRUE,FALSE,FALSE,FALSE,FALSE
127,"Set B2 w 1 bun (Sauteed Sour Beans with Minced Pork, Fried Cucumber  with Eggs, Dry Tofu with Celery",????? ???? ????,Chinese,0,3,FALSE,FALSE,FALSE,,TRUE,FALSE,FALSE,FALSE,TRUE,FALSE,FALSE
128,"Set B2 w rice (Sauteed Sour Beans with Minced Pork, Fried Cucumber  with Eggs, Dry Tofu with Celery",????? ???? ????,Chinese,0,2,FALSE,FALSE,FALSE,,TRUE,FALSE,TRUE,FALSE,FALSE,FALSE,FALSE
129,Set B3 [Halal] Curry Chicken Set,?????????,Indonesian,0,0,FALSE,FALSE,TRUE,,FALSE,TRUE,FALSE,FALSE,FALSE,FALSE,FALSE
130,Set B3 [Halal] Ginseng Chicken Soup,???????,Korean,0,0,FALSE,FALSE,TRUE,,FALSE,TRUE,FALSE,FALSE,FALSE,TRUE,FALSE
131,Set B3 [Halal] Salmon & Ebi Bento,[??] ???????,Japanese,0,0,FALSE,FALSE,FALSE,FALSE,TRUE,TRUE,FALSE,FALSE,FALSE,FALSE,FALSE
132,Set B3 [Halal] Scallop & Beef Bento,??????????,Japanese,0,0,FALSE,TRUE,FALSE,,FALSE,TRUE,FALSE,FALSE,FALSE,FALSE,FALSE
133,Set B3 [Halal] Thai Basil Chicken with Rice,??????????????,Thai,0,0,FALSE,FALSE,TRUE,,FALSE,TRUE,TRUE,FALSE,FALSE,FALSE,FALSE
134,Set B3 [Vegetarian] Xi'an Cold Noodle,????????,Chinese,0,0,TRUE,FALSE,FALSE,,FALSE,FALSE,FALSE,TRUE,FALSE,FALSE,FALSE
135,Set B3 Grilled Chicken w BBQ Sauce w Rice,BBQ??????,Western,0,0,FALSE,FALSE,TRUE,,FALSE,FALSE,TRUE,FALSE,FALSE,FALSE,FALSE
136,Set B3 Seafood Fried Rice,????,Local Items,0,0,FALSE,FALSE,FALSE,FALSE,FALSE,FALSE,TRUE,FALSE,FALSE,FALSE,FALSE
137,"Set B3 w bun (Braised Fish Fillets, Double Cooked Sliced Pork, Sour & Spicy Potato Slices",???? ??? ?????,Chinese,1,2,FALSE,FALSE,FALSE,,TRUE,FALSE,FALSE,FALSE,TRUE,FALSE,FALSE
138,"Set B3 w rice (Braised Fish Fillets, Double Cooked Sliced Pork, Sour & Spicy Potato Slices",???? ??? ?????,Chinese,3,2,FALSE,FALSE,FALSE,,TRUE,FALSE,TRUE,FALSE,FALSE,FALSE,FALSE
139,Set B4 [Halal] Grilled Mackerel w/ Rice,???????????,Korean,0,0,FALSE,FALSE,FALSE,FALSE,TRUE,TRUE,TRUE,FALSE,FALSE,FALSE,FALSE
140,Set B4 [Vegetarian] Hot and Sour Cabbage w/ Rice,[?] ?????,Chinese,2,2,TRUE,FALSE,FALSE,,FALSE,FALSE,TRUE,FALSE,FALSE,FALSE,FALSE
141,Set B4 [Vegetarian] Stir Fried Potato Eggplant & Green Pepper w Rice,[?] ??????,Chinese,0,0,TRUE,FALSE,FALSE,,FALSE,FALSE,TRUE,FALSE,FALSE,FALSE,FALSE
142,Set B4 Kimchi Jigae Soup w/ rice,???????,Korean,0,0,FALSE,FALSE,FALSE,FALSE,FALSE,FALSE,TRUE,FALSE,FALSE,TRUE,FALSE
143,Set B4 Stir Fried Green Pepper and Tofu Skin w Rice,?????,Chinese,0,0,FALSE,FALSE,FALSE,FALSE,FALSE,FALSE,TRUE,FALSE,FALSE,FALSE,FALSE
144,Set B4 Vegetable Baked Rice,????,Western,0,0,FALSE,FALSE,FALSE,FALSE,FALSE,FALSE,TRUE,FALSE,FALSE,FALSE,FALSE
145,"Set B4 w 2 buns (Sauteed Sour Beans with Minced Pork, Braised Beef w Potato, Fried Black Fungus with Cabbage",????? ???? ????,Chinese,0,2,FALSE,TRUE,FALSE,,TRUE,FALSE,FALSE,FALSE,TRUE,FALSE,FALSE
146,"Set B4 w rice (Sauteed Sour Beans with Minced Pork, Braised Beef w Potato, Fried Black Fungus with Cabbage",????? ???? ????,Chinese,0,2,FALSE,TRUE,FALSE,,TRUE,FALSE,TRUE,FALSE,FALSE,FALSE,FALSE
147,Set B5 [Halal] Fish Fillet & Ebi Bento,??????????,Japanese,0,0,FALSE,FALSE,FALSE,FALSE,FALSE,TRUE,FALSE,FALSE,FALSE,FALSE,FALSE
148,Set B5 [Halal] Kimchi Fried Rice w/ Chicken,????????????,Korean,0,0,FALSE,FALSE,TRUE,,FALSE,TRUE,TRUE,FALSE,FALSE,FALSE,FALSE
149,Set B5 [Halal] Pineapple Fried Rice,??????????,Thai,0,0,FALSE,FALSE,FALSE,FALSE,FALSE,TRUE,TRUE,FALSE,FALSE,FALSE,FALSE
150,Set B5 [Halal] Scallop & Salmon Bento,???????????,Japanese,0,0,FALSE,FALSE,FALSE,FALSE,TRUE,TRUE,FALSE,FALSE,FALSE,FALSE,FALSE
151,Set B5 [Halal] Shrimp & Chicken Teriyaki Bento,??????????,Japanese,0,0,FALSE,FALSE,TRUE,FALSE,FALSE,TRUE,FALSE,FALSE,FALSE,FALSE,FALSE
152,Set B5 Minced Meat Noodle w Soybean Paste,??????,Chinese,0,0,FALSE,FALSE,FALSE,FALSE,FALSE,FALSE,FALSE,TRUE,FALSE,FALSE,FALSE
153,Set B5 Shredded Chicken Peanut Porridge,?????,Local Items,0,0,FALSE,FALSE,TRUE,FALSE,FALSE,FALSE,FALSE,FALSE,FALSE,FALSE,FALSE
154,"Set B5 w bun (Braised Pork Ribs with Potato, Lotus Roots with Sliced Pork, Tofu with Mixed Vegetables",???? ????? ????,Chinese,0,0,FALSE,FALSE,FALSE,TRUE,FALSE,FALSE,FALSE,FALSE,TRUE,FALSE,FALSE
155,"Set B5 w rice (Braised Pork Ribs with Potato, Lotus Roots with Sliced Pork, Tofu with Mixed Vegetables",???? ????? ????,Chinese,0,0,FALSE,FALSE,FALSE,TRUE,FALSE,FALSE,TRUE,FALSE,FALSE,FALSE,FALSE
156,Set B6 [Halal] Chicken Teriyaki & Ebi Bento,??????????,Japanese,0,0,FALSE,FALSE,TRUE,FALSE,FALSE,TRUE,FALSE,FALSE,FALSE,FALSE,FALSE
157,Set B6 [Halal] Grilled Chicken w Brown Sauce w/ Rice,?????????????,Western,0,0,FALSE,FALSE,TRUE,FALSE,FALSE,TRUE,TRUE,FALSE,FALSE,FALSE,FALSE
158,Set B6 [Halal] Omurice w/ Beef,??????????,Japanese,0,0,FALSE,TRUE,FALSE,FALSE,FALSE,TRUE,TRUE,FALSE,FALSE,FALSE,FALSE
159,Set B6 Meatball Porridge,???,Local Items,0,0,FALSE,FALSE,FALSE,TRUE,FALSE,FALSE,FALSE,FALSE,FALSE,FALSE,FALSE
160,"Set B6 Noodle w Tomato, Egg & Beef",?????,Chinese,0,0,FALSE,FALSE,TRUE,FALSE,FALSE,FALSE,FALSE,TRUE,FALSE,FALSE,FALSE
161,Set B6 Pork & Cabbage Dumplings 10pcs,??????(10?,Chinese,0,0,FALSE,FALSE,FALSE,TRUE,FALSE,FALSE,FALSE,FALSE,FALSE,FALSE,FALSE
162,Set B6 Salmon & Beef Bento,???????,Japanese,0,0,FALSE,TRUE,FALSE,FALSE,FALSE,FALSE,FALSE,FALSE,FALSE,FALSE,FALSE
163,Set B6 Spicy Braised Beef Noodle (Soup,???? (?,Chinese,2,0,FALSE,TRUE,FALSE,FALSE,FALSE,FALSE,FALSE,TRUE,FALSE,TRUE,FALSE
164,Set B7 [Halal] Fish Fillet & Beef Bento,??????????,Japanese,0,0,FALSE,TRUE,FALSE,FALSE,TRUE,TRUE,FALSE,FALSE,FALSE,FALSE,FALSE
165,Set B7 [Halal] Grilled Fish w Black Pepper Sauce w Rice,????????????,Western,0,0,FALSE,FALSE,FALSE,FALSE,TRUE,TRUE,TRUE,FALSE,FALSE,FALSE,FALSE
166,Set B7 ABC Soup w/ Rice,ABC????,Local Items,0,0,FALSE,FALSE,FALSE,FALSE,FALSE,FALSE,TRUE,FALSE,FALSE,TRUE,FALSE
167,Set B7 Century Egg w Pork Porridge,?????,Local Items,0,0,FALSE,FALSE,FALSE,TRUE,FALSE,FALSE,FALSE,FALSE,FALSE,FALSE,FALSE
168,Set B7 Double Cooked Sliced Pork Fried Rice,?????,Chinese,0,0,FALSE,FALSE,FALSE,TRUE,FALSE,FALSE,TRUE,FALSE,FALSE,FALSE,FALSE
169,Set B7 Fried Rice w Shrimps,????,Chinese,0,0,FALSE,FALSE,FALSE,FALSE,FALSE,FALSE,TRUE,FALSE,FALSE,FALSE,FALSE
170,Set B7 Signature Sesame Oil Chicken,????,Local Items,0,0,FALSE,FALSE,TRUE,FALSE,FALSE,FALSE,FALSE,FALSE,FALSE,FALSE,FALSE
171,Set B7 Three Mushroon Porridge,???,Local Items,0,0,FALSE,FALSE,FALSE,FALSE,FALSE,FALSE,FALSE,FALSE,FALSE,FALSE,FALSE
172,Set B7 Watercress Pork Rib Soup w/ Rice,?????????,Local Items,0,0,FALSE,FALSE,FALSE,TRUE,FALSE,FALSE,TRUE,FALSE,FALSE,TRUE,FALSE
173,Set B8 [Halal] Grilled Chicken w/ Black Pepper Sauce,????????????,Western,0,0,FALSE,FALSE,TRUE,FALSE,FALSE,TRUE,FALSE,FALSE,FALSE,FALSE,FALSE
174,Set B8 [Halal] Roasted Chicken Thigh & Sweet Potato Salad,[??] ?????????,None,0,0,FALSE,FALSE,TRUE,FALSE,FALSE,TRUE,FALSE,FALSE,FALSE,FALSE,TRUE
175,Set B8 [Halal] Roasted Chicken Thigh w/ Brown Soba Salad,[??] ??????????,None,0,0,FALSE,FALSE,TRUE,FALSE,FALSE,TRUE,FALSE,FALSE,FALSE,FALSE,TRUE
176,Set B8 [Halal] Smoked Salmon & Brown Soba Salad,[??] ???????????,None,0,0,FALSE,FALSE,FALSE,FALSE,TRUE,TRUE,FALSE,FALSE,FALSE,FALSE,TRUE
177,Set B8 [Halal] Smoked Salmon & Sweet Potato Salad,[??] ??????????,None,0,0,FALSE,FALSE,FALSE,FALSE,TRUE,TRUE,FALSE,FALSE,FALSE,FALSE,TRUE
178,Set B8 [Halal] Tandoori Chicken Thigh w/ Brown Rice Salad,[??] ?????????,None,0,0,FALSE,FALSE,TRUE,FALSE,FALSE,TRUE,TRUE,FALSE,FALSE,FALSE,TRUE
179,Set B8 Yangzhou Fried Rice,????,Chinese,0,0,FALSE,FALSE,FALSE,FALSE,FALSE,FALSE,TRUE,FALSE,FALSE,FALSE,FALSE
180,Set C1 [Halal] Salmon & Chicken Bento,???????????,Japanese,0,0,FALSE,FALSE,TRUE,FALSE,FALSE,TRUE,FALSE,FALSE,FALSE,FALSE,FALSE
181,"Set C1 w bun (Fish flavored Shredded Pork, Cumin Beef, Green Pepper with Beancurd Skin",???? ???? ????,Chinese,0,0,FALSE,TRUE,FALSE,TRUE,FALSE,FALSE,FALSE,FALSE,FALSE,FALSE,FALSE
182,"Set C1 w rice (Fish flavored Shredded Pork, Cumin Beef, Green Pepper with Beancurd Skin",???? ???? ????,Chinese,0,0,FALSE,TRUE,FALSE,TRUE,FALSE,FALSE,FALSE,FALSE,FALSE,FALSE,FALSE
183,Set C2 [Halal] [Vegetarian] Fried Sweet Potato Noodle Set,??????????????,Korean,0,0,TRUE,FALSE,FALSE,FALSE,FALSE,TRUE,FALSE,TRUE,FALSE,FALSE,FALSE
184,Set C2 [Halal] Omurice w/ Chicken,??????????,Japanese,0,0,FALSE,FALSE,TRUE,FALSE,FALSE,TRUE,TRUE,FALSE,FALSE,FALSE,FALSE
185,Set C2 [Halal] Thai Green Curry Chicken w/ Rice,????????????,Thai,0,0,FALSE,FALSE,TRUE,FALSE,FALSE,TRUE,TRUE,FALSE,FALSE,FALSE,FALSE
186,Set C2 [Halal] Yong Tau Foo Soup w/ Rice,???????????,Local Items,0,0,FALSE,FALSE,FALSE,FALSE,FALSE,TRUE,TRUE,FALSE,FALSE,TRUE,FALSE
187,"Set C2 w 1 bun (Double Cooked Sliced Pork, Kung Pao Chicken, Fried Chinese Cabbage",??? ???? ???,Chinese,0,0,FALSE,FALSE,TRUE,TRUE,FALSE,FALSE,FALSE,FALSE,TRUE,FALSE,FALSE
188,"Set C2 w rice (Double Cooked Sliced Pork, Kung Pao Chicken, Fried Chinese Cabbage",??? ???? ???,Chinese,0,0,FALSE,FALSE,TRUE,TRUE,FALSE,FALSE,TRUE,FALSE,FALSE,FALSE,FALSE
189,Set C3 [Halal] Bibimbab w/ Chicken,??????????,Korean,0,0,FALSE,FALSE,TRUE,FALSE,FALSE,TRUE,FALSE,FALSE,FALSE,FALSE,FALSE
190,Set C3 [Halal] Fish Slice n Fried Fish Soup w/ Rice,??????????,Local Items,0,0,FALSE,FALSE,FALSE,FALSE,TRUE,TRUE,TRUE,FALSE,FALSE,TRUE,FALSE
191,Set C3 [Halal] Fried Yong Tau Foo w/ Noodle,??????????????????????????????????,Local Items,0,0,FALSE,FALSE,TRUE,FALSE,FALSE,TRUE,FALSE,TRUE,FALSE,FALSE,FALSE
192,Set C3 Bibimbab w/ Beef,??????,Korean,0,0,FALSE,TRUE,FALSE,FALSE,FALSE,FALSE,FALSE,FALSE,FALSE,FALSE,FALSE
193,Set C3 Chicken Cutlet,???,Western,0,0,FALSE,FALSE,TRUE,FALSE,FALSE,FALSE,FALSE,FALSE,FALSE,FALSE,FALSE
194,Set C3 Tomyam Seafood Fried Rice,??????,Thai,0,0,FALSE,FALSE,FALSE,FALSE,FALSE,FALSE,TRUE,FALSE,FALSE,FALSE,FALSE
195,"Set C3 w bun (Cumin Beef, Fried Cucumber with Eggs, Sweet & Sour Cabbage)",???? ???? ????,Chinese,0,0,FALSE,TRUE,FALSE,FALSE,FALSE,FALSE,FALSE,FALSE,TRUE,FALSE,FALSE
196,"Set C3 w rice (Cumin Beef, Fried Cucumber with Eggs, Sweet & Sour Cabbage)",???? ???? ????,Chinese,0,0,FALSE,TRUE,FALSE,FALSE,FALSE,FALSE,TRUE,FALSE,FALSE,FALSE,FALSE
197,Set C4 [Halal] Saba & Beef Bento,??????????,Japanese,0,0,FALSE,TRUE,FALSE,FALSE,FALSE,TRUE,FALSE,FALSE,FALSE,FALSE,FALSE
198,Set C4 [Vegetarian] Spicy Hotpot w/Rice,????????,Chinese,1,0,TRUE,FALSE,FALSE,FALSE,FALSE,FALSE,TRUE,FALSE,FALSE,FALSE,FALSE
199,Set C4 Beef Hor Fun,????,Chinese,0,0,FALSE,FALSE,FALSE,FALSE,FALSE,FALSE,FALSE,FALSE,FALSE,FALSE,FALSE
200,Set C4 Japanese Fried Noodle,????,Japanese,0,0,FALSE,FALSE,FALSE,FALSE,FALSE,FALSE,FALSE,TRUE,FALSE,FALSE,FALSE
201,Set C4 Marinated Beef w/ Rice,????????,Korean,0,0,FALSE,TRUE,FALSE,FALSE,FALSE,FALSE,TRUE,FALSE,FALSE,FALSE,FALSE
202,Set C4 Shanghai Fresh Fried Bun 4 pcs w Porridge,???(4?),Chinese,0,0,FALSE,FALSE,FALSE,FALSE,FALSE,FALSE,FALSE,FALSE,TRUE,FALSE,FALSE
203,"Set C4 w 2 buns (Braised Pork Ribs with Potato, Kung Pao Chicken, Fried Chinese Cabbage",???? ???? ???,Chinese,0,0,FALSE,FALSE,TRUE,TRUE,FALSE,FALSE,FALSE,FALSE,TRUE,FALSE,FALSE
204,"Set C4 w rice (Braised Pork Ribs with Potato, Kung Pao Chicken, Fried Chinese Cabbage",???? ???? ???,Chinese,0,0,FALSE,FALSE,TRUE,TRUE,FALSE,FALSE,TRUE,FALSE,FALSE,FALSE,FALSE
205,Set C5 [Halal] Salmon & Chicken Bento,???????????,Japanese,0,0,FALSE,FALSE,TRUE,FALSE,FALSE,TRUE,FALSE,FALSE,FALSE,FALSE,FALSE
206,Set C5 [Halal] Shrimp & Salmon Bento,???????????,Japanese,0,0,FALSE,FALSE,FALSE,FALSE,FALSE,TRUE,FALSE,FALSE,FALSE,FALSE,FALSE
207,Set C5 [Vegetarian] Fish Fragrance Eggplant,?????????,Chinese,0,0,TRUE,FALSE,FALSE,FALSE,FALSE,FALSE,FALSE,FALSE,FALSE,FALSE,FALSE
208,Set C5 Salmon & Pork Bento,???????,Japanese,0,0,FALSE,FALSE,FALSE,TRUE,FALSE,FALSE,FALSE,FALSE,FALSE,FALSE,FALSE
209,"Set C5 w bun (Spicy Chicken, Sliced Fungus with Meat, Fish Flavored Eggplant)",??? ???? ????,Chinese,1,0,FALSE,FALSE,TRUE,FALSE,FALSE,FALSE,FALSE,FALSE,FALSE,FALSE,FALSE
210,"Set C5 w rice (Spicy Chicken, Sliced Fungus with Meat, Fish Flavored Eggplant)",??? ???? ????,Chinese,1,0,FALSE,FALSE,TRUE,FALSE,FALSE,FALSE,FALSE,FALSE,FALSE,FALSE,FALSE
211,Set C6 Lotus Root Pork Rib Soup with rice,??????????,Local Items,0,0,FALSE,FALSE,FALSE,TRUE,FALSE,FALSE,TRUE,FALSE,FALSE,TRUE,FALSE
212,Set C6 Shanghai Deep Fried Dumplings (6pcs),????????(6?,Chinese,0,0,FALSE,FALSE,FALSE,FALSE,FALSE,FALSE,FALSE,FALSE,FALSE,FALSE,FALSE
213,Set C6 Sichuan Noodle,????,Chinese,0,0,FALSE,FALSE,FALSE,FALSE,FALSE,FALSE,FALSE,TRUE,FALSE,FALSE,FALSE
214,Set C7 Bak Kut Teh w/ Rice,??????,Local Items,0,0,FALSE,FALSE,FALSE,FALSE,FALSE,FALSE,TRUE,FALSE,FALSE,FALSE,FALSE
215,Set C7 Fried Beef Noodle,????,Chinese,0,0,FALSE,TRUE,FALSE,FALSE,FALSE,FALSE,FALSE,TRUE,FALSE,FALSE,FALSE
216,Set C7 Sliced Pork w Meatball Porridge,?????,Local Items,0,0,FALSE,FALSE,FALSE,TRUE,FALSE,FALSE,FALSE,FALSE,FALSE,FALSE,FALSE
217,Set C8 [Halal] Smoked Duck & Brown Soba Salad,[??] ?????????,None,0,0,FALSE,FALSE,FALSE,FALSE,FALSE,TRUE,FALSE,FALSE,FALSE,FALSE,TRUE
218,Set C8 [Halal] Smoked Duck & Fusilli Pesto Salad,[??] ?????????,None,0,0,FALSE,FALSE,FALSE,FALSE,FALSE,TRUE,FALSE,FALSE,FALSE,FALSE,TRUE
219,Set C8 Yangzhou Fried Rice,????,Chinese,0,0,FALSE,FALSE,FALSE,FALSE,FALSE,FALSE,TRUE,FALSE,FALSE,FALSE,FALSE
220,Set D1 Macau Fried Chicken Wings Rice (Tomato Sauce,???????????,Chinese,0,0,FALSE,FALSE,TRUE,FALSE,FALSE,FALSE,TRUE,FALSE,FALSE,FALSE,FALSE
221,Set D2 Sambal Chicken Fried Rice With Egg,?????????,Local Items,0,0,FALSE,FALSE,TRUE,FALSE,FALSE,FALSE,TRUE,FALSE,FALSE,FALSE,FALSE
222,Set D3 Steamed Chicken Rice with Egg and Beancurd,?????????,Chinese,0,0,FALSE,FALSE,TRUE,FALSE,FALSE,FALSE,TRUE,FALSE,FALSE,FALSE,FALSE
223,Set D4 Stir Fried Bitter Gourd Fish With Rice and Egg,????????,Chinese,0,0,FALSE,FALSE,TRUE,FALSE,TRUE,FALSE,TRUE,FALSE,FALSE,FALSE,FALSE
224,Set D5 Xin Zhou Mee Hoon with Egg,????????,Chinese,0,0,FALSE,FALSE,TRUE,FALSE,FALSE,FALSE,FALSE,FALSE,FALSE,FALSE,FALSE
225,Set D7 [Halal] Beef and Chicken Sandwich,[??] ???????,Chinese,0,0,FALSE,TRUE,TRUE,FALSE,FALSE,TRUE,FALSE,FALSE,FALSE,FALSE,FALSE
226,Set D8 [Vegetarian] Soba & Tofu Salad,????????,Chinese,0,0,TRUE,FALSE,FALSE,FALSE,FALSE,FALSE,FALSE,FALSE,FALSE,FALSE,TRUE
227,Sichuan Fragrance Diced Chicken w Rice,?????,Chinese,0,0,FALSE,FALSE,TRUE,FALSE,FALSE,FALSE,TRUE,FALSE,FALSE,FALSE,FALSE
228,Sichuan Style Salad,?????,Chinese,0,0,FALSE,FALSE,FALSE,FALSE,FALSE,FALSE,FALSE,FALSE,FALSE,FALSE,TRUE
229,Sliced Pork w Dry Beancurd,?????,Chinese,0,0,FALSE,FALSE,FALSE,TRUE,FALSE,FALSE,FALSE,FALSE,FALSE,FALSE,FALSE
230,Soy Sauce Chicken Bento,????? \n(More rice option available on dashboard,Chinese,0,0,FALSE,FALSE,TRUE,FALSE,FALSE,FALSE,FALSE,FALSE,FALSE,FALSE,FALSE
231,Spicy Chicken Bento,?????\n(More rice option available on dashboard,Chinese,1,0,FALSE,FALSE,TRUE,FALSE,FALSE,FALSE,FALSE,FALSE,FALSE,FALSE,FALSE
232,Spicy Mapo Tofu Bento,??????\n(More rice option available on dashboard,Chinese,0,0,FALSE,FALSE,FALSE,FALSE,FALSE,FALSE,FALSE,FALSE,FALSE,FALSE,FALSE
233,Spicy Stir-fried Cuttlefish with Oyster Sauce Bento,??????\n(More rice option available on dashboard,Chinese,0,0,FALSE,FALSE,FALSE,FALSE,TRUE,FALSE,FALSE,FALSE,FALSE,FALSE,FALSE
234,Steamed Pork Slices with Glutinous Rice Flour,?????,Chinese,0,0,FALSE,FALSE,FALSE,TRUE,FALSE,FALSE,TRUE,FALSE,FALSE,FALSE,FALSE
235,Stir-fried Chicken with Dried Chilli Bento,??????\n(More rice option available on dashboard,Chinese,0,0,FALSE,FALSE,TRUE,FALSE,FALSE,FALSE,FALSE,FALSE,FALSE,FALSE,FALSE
236,Sweet and Sour Fish Fillet Bento,??????\n(More rice option available on dashboard,Chinese,0,1,FALSE,FALSE,FALSE,FALSE,TRUE,FALSE,FALSE,FALSE,FALSE,FALSE,FALSE
237,Tilapia & Beef Bento,??????,Japanese,0,0,FALSE,TRUE,FALSE,FALSE,FALSE,FALSE,FALSE,FALSE,FALSE,FALSE,FALSE
238,Tilapia & Chicken Bento,??????,Japanese,0,0,FALSE,FALSE,TRUE,FALSE,FALSE,FALSE,FALSE,FALSE,FALSE,FALSE,FALSE
